fiscal_year,core_tax,registered_start,new_registrations,deregistered,registered_end,not_required_to_file,expected_to_file
2023,VAT,360000,28000,9000,379000,4000,375000
2024,VAT,379000,26000,11000,394000,4500,389500
2025,VAT,394000,24000,12000,406000,5000,401000
2023,Corporate Tax,0,95000,0,95000,2000,93000
2024,Corporate Tax,95000,310000,1500,403500,8000,395500
2025,Corporate Tax,403500,90000,5000,488500,10000,478500
2023,Excise,1500,250,80,1670,30,1640
2024,Excise,1670,240,90,1820,35,1785
2025,Excise,1820,220,110,1930,40,1890
